Innovation,Innovation_Level,Technology_Stack,Market_Impact,Implementation_Complexity,Relevance_to_MVP
AI-Powered Soil Microbiome Analyzer,High,Computer Vision + Spectral Analysis,High - Soil health critical,High - Complex analysis required,Medium - Complementary soil analysis
Climate-Adaptive Crop Genetic Selector,High,AI + Climate Modeling + Genetics,Very High - Climate adaptation essential,Very High - Multiple domains,High - Climate adaptation core feature
AI Harvest Window Optimizer,High,Predictive Analytics + Market Data,High - Timing optimization valuable,Medium - Market data integration,High - Harvest optimization aligns
Integrated Pest-Disease-Nutrient Diagnostic,High,Multi-modal AI + Image Processing,High - Integrated diagnostics efficient,High - Multi-modal processing,Very High - Disease detection included
Carbon Credit Farming Optimizer,High,Carbon Modeling + Optimization,Very High - Carbon markets growing,High - Carbon measurement complex,Very High - Carbon credits core feature
Smart Contract Crop Insurance,High,Blockchain + Satellite + Smart Contracts,Very High - Insurance automation needed,Medium - Established blockchain tech,Very High - Insurance system included
Climate Resilience Planning AI,High,Climate Science + Risk Analysis,High - Climate resilience crucial,High - Long-term modeling complex,High - Long-term planning valuable
Biodiversity Impact Tracker,High,Biodiversity Monitoring + AI,Medium - Sustainability focus increasing,Medium - Monitoring systems exist,Medium - Environmental impact tracking
Agricultural Supply Chain Optimizer,High,Supply Chain + Optimization,High - Supply chain efficiency valuable,High - Complex optimization,Medium - Market integration relevant
Blockchain-Verified Organic Certification,High,Blockchain + IoT + Verification,Medium - Organic market growing,Medium - Established verification,High - Blockchain verification included
Precision Pollination Network,Medium,IoT + Pollination Monitoring,Medium - Pollination monitoring niche,Medium - IoT deployment,Low - Specialized application
Smart Seed Germination Predictor,Medium,AI + Seed Analysis + Environmental,Medium - Germination optimization useful,Low - Established prediction models,Low - Specific use case
Water Stress Early Warning System,Medium,Multispectral Imaging + Prediction,High - Water management critical,Medium - Imaging technology mature,High - Water management important
AI-Driven Companion Planting Advisor,Medium,AI + Agricultural Science,Medium - Companion planting niche,Low - Known agricultural practices,Medium - Advisory system relevant
Voice-Activated Farm Assistant,Medium,NLP + Voice Processing + Multilingual,High - Accessibility important,Medium - NLP technology mature,Very High - Voice system core feature
Precision Fertilizer Mixing System,Medium,AI + Soil Analysis + Chemistry,Medium - Precision fertilization useful,Medium - Chemistry automation exists,Medium - Precision recommendations
Regenerative Agriculture Score System,Medium,Sustainability Metrics + Certification,Medium - Regenerative agriculture growing,Low - Scoring systems established,Medium - Sustainability scoring
AI Weed Species Identifier,Medium,Computer Vision + Species Recognition,Medium - Weed management valuable,Low - Computer vision mature,Medium - Pest management relevant
Farm Equipment Predictive Maintenance,Medium,Predictive Maintenance + IoT,Medium - Equipment maintenance important,Low - Predictive maintenance common,Low - Equipment focus different
Smart Greenhouse Climate Controller,Medium,AI + Climate Control + Automation,Medium - Greenhouse automation useful,Low - Climate control established,Low - Greenhouse specific
